Sonderling (2016 Edit),http://www.spotontrack.com/track/sonderling-2016-edit/3204648,https://open.spotify.com/track/76nHngOgxQI2rq4u1TpEGX,76nHngOgxQI2rq4u1TpEGX
Fade,http://www.spotontrack.com/track/fade/5883716,https://open.spotify.com/track/41FV5H6vodwtGKvN4vYBZu,41FV5H6vodwtGKvN4vYBZu
Let Me Love You,http://www.spotontrack.com/track/let-me-love-you/3702896,https://open.spotify.com/track/3OEL85t52E76PdGNCa5TYj,3OEL85t52E76PdGNCa5TYj
Wicked Ways,http://www.spotontrack.com/track/wicked-ways/5604140,https://open.spotify.com/track/0MCiSsZeG0EgKwegrJBZVd,0MCiSsZeG0EgKwegrJBZVd
Hear Me Now,http://www.spotontrack.com/track/hear-me-now/3450096,https://open.spotify.com/track/6OnYQKTc5fbSGbIpaH4KxL,6OnYQKTc5fbSGbIpaH4KxL
ECHO (LET GO),http://www.spotontrack.com/track/echo-let-go/6238531,https://open.spotify.com/track/5wRrFp0QbRIMfWrdUdanE7,5wRrFp0QbRIMfWrdUdanE7
Remember,http://www.spotontrack.com/track/remember/3702898,https://open.spotify.com/track/6fraMYOJwuSJqi2e6oBYrS,6fraMYOJwuSJqi2e6oBYrS
Not Going Home,http://www.spotontrack.com/track/not-going-home/5576541,https://open.spotify.com/track/2PuHj0tUOKud6fVKTZUXRO,2PuHj0tUOKud6fVKTZUXRO
Kaleidoscope,http://www.spotontrack.com/track/kaleidoscope/4231671,https://open.spotify.com/track/4l7VZQZ8ycQFqMPFTTsLgv,4l7VZQZ8ycQFqMPFTTsLgv
Can't Fight It - Crossnaders Remix,http://www.spotontrack.com/track/can-t-fight-it-crossnaders-remix/5883729,https://open.spotify.com/track/19nGV4uGh6uqVk5Sf6UGxy,19nGV4uGh6uqVk5Sf6UGxy
Echo,http://www.spotontrack.com/track/echo/4861478,https://open.spotify.com/track/60W8lvIZJwNcYF97L0fsuD,60W8lvIZJwNcYF97L0fsuD
Tell My Heart,http://www.spotontrack.com/track/tell-my-heart/3450098,https://open.spotify.com/track/1BcJWVkUwerwuaRuRhHEus,1BcJWVkUwerwuaRuRhHEus
Let Me Hold You (Turn Me On) - Lost Stories & Crossnaders Remix Edit,http://www.spotontrack.com/track/let-me-hold-you-turn-me-on-lost-stories-crossnaders-remix-edit/5604130,https://open.spotify.com/track/1BNwLvYiwFWsdQ2Zxk5aec,1BNwLvYiwFWsdQ2Zxk5aec
Aren't You High,http://www.spotontrack.com/track/aren-t-you-high/6483316,https://open.spotify.com/track/69TiyoLx5EbA4JdoBhe5XM,69TiyoLx5EbA4JdoBhe5XM
Arpe,http://www.spotontrack.com/track/arpe/3566053,https://open.spotify.com/track/3cSYSNB1k01nGsh1Ot1Cn5,3cSYSNB1k01nGsh1Ot1Cn5
Call On Me - Ryan Riback Remix,http://www.spotontrack.com/track/call-on-me-ryan-riback-remix/5492518,https://open.spotify.com/track/51lsOIdizBjiI8z2YKjrA2,51lsOIdizBjiI8z2YKjrA2
Where Are You Now,http://www.spotontrack.com/track/where-are-you-now/5604122,https://open.spotify.com/track/6FgreRGFXsbEDqIu6cWCQz,6FgreRGFXsbEDqIu6cWCQz
Blow It Away,http://www.spotontrack.com/track/blow-it-away/5604128,https://open.spotify.com/track/7mqRfKO7IZSEdVfpIejyRA,7mqRfKO7IZSEdVfpIejyRA
Mad Love,http://www.spotontrack.com/track/mad-love/4861479,https://open.spotify.com/track/6nWMUK7mCUsyTiEcaavjlR,6nWMUK7mCUsyTiEcaavjlR
So Serious,http://www.spotontrack.com/track/so-serious/2090133,https://open.spotify.com/track/0qrudaiIlLcnfUc1iozxz5,0qrudaiIlLcnfUc1iozxz5
Fade,http://www.spotontrack.com/track/fade/886723,https://open.spotify.com/track/1CJnWD3xbUiP3gEJwuVSsO,1CJnWD3xbUiP3gEJwuVSsO
Eluv8,http://www.spotontrack.com/track/eluv8/3566056,https://open.spotify.com/track/5IKh7CBruNJJygXWIdMn3r,5IKh7CBruNJJygXWIdMn3r
D E E P in N Y,http://www.spotontrack.com/track/d-e-e-p-in-n-y/5435449,https://open.spotify.com/track/0Q9FgkqK3oDpxth0CPGMjb,0Q9FgkqK3oDpxth0CPGMjb
Tales - Radio Edit,http://www.spotontrack.com/track/tales/3877672,https://open.spotify.com/track/5jiMS3ivGBO7vw9bcg3bNK,5jiMS3ivGBO7vw9bcg3bNK
Breathe,http://www.spotontrack.com/track/breathe/4231675,https://open.spotify.com/track/2L7pfjy6MEXPAtm4c0bSNj,2L7pfjy6MEXPAtm4c0bSNj
Himalaya,http://www.spotontrack.com/track/himalaya/2081906,https://open.spotify.com/track/310yA0OSNvWriki14qBLeY,310yA0OSNvWriki14qBLeY
Gno,http://www.spotontrack.com/track/gno/3566063,https://open.spotify.com/track/3DZB6pywMyxCxB6FFX3mVu,3DZB6pywMyxCxB6FFX3mVu
With Every Heartbeat,http://www.spotontrack.com/track/with-every-heartbeat/3877673,https://open.spotify.com/track/7hszaqqhPkMZ8CHUWUE5ag,7hszaqqhPkMZ8CHUWUE5ag
Show Me How To Love,http://www.spotontrack.com/track/show-me-how-to-love/5604123,https://open.spotify.com/track/1njieMpNIspBm9Sji8Mj1k,1njieMpNIspBm9Sji8Mj1k
Belated,http://www.spotontrack.com/track/belated/2101658,https://open.spotify.com/track/1gNTdCfsjlpw2BA0A78ttG,1gNTdCfsjlpw2BA0A78ttG
Roll On,http://www.spotontrack.com/track/roll-on/5604126,https://open.spotify.com/track/1jhJ3HqjGb3yX5UjU1dJAe,1jhJ3HqjGb3yX5UjU1dJAe
Runaways,http://www.spotontrack.com/track/runaways/2846603,https://open.spotify.com/track/2K06amHdw8ZPWI75Xvo9Ij,2K06amHdw8ZPWI75Xvo9Ij
Lights Out,http://www.spotontrack.com/track/lights-out/5110504,https://open.spotify.com/track/2SpRAiDawBvvq2NnCOuqHF,2SpRAiDawBvvq2NnCOuqHF
White Keys,http://www.spotontrack.com/track/white-keys/5435451,https://open.spotify.com/track/7l1iINXyFYVnDQat3YdogJ,7l1iINXyFYVnDQat3YdogJ
Good Life,http://www.spotontrack.com/track/good-life/5074840,https://open.spotify.com/track/5HXV226KBPfEq3yCocV6cV,5HXV226KBPfEq3yCocV6cV
Statue of Liberty,http://www.spotontrack.com/track/statue-of-liberty/3566062,https://open.spotify.com/track/4Bdd9DlcI1tSxvpI7e9mRZ,4Bdd9DlcI1tSxvpI7e9mRZ
Pretty Young Money,http://www.spotontrack.com/track/pretty-young-money/3702906,https://open.spotify.com/track/3Ty2ccVV433hB7ww8VuPtA,3Ty2ccVV433hB7ww8VuPtA
The Bronx UFO,http://www.spotontrack.com/track/the-bronx-ufo/3566058,https://open.spotify.com/track/42gE8CFijJqhYtOtkbVSql,42gE8CFijJqhYtOtkbVSql
Clouds With Dirt,http://www.spotontrack.com/track/clouds-with-dirt/6032125,https://open.spotify.com/track/7oaOH3rsuuK1GbRQdXs6f8,7oaOH3rsuuK1GbRQdXs6f8
Over Again,http://www.spotontrack.com/track/over-again/3204647,https://open.spotify.com/track/3GdqiRvHOI769jjwiuyjy3,3GdqiRvHOI769jjwiuyjy3
Stand By Me,http://www.spotontrack.com/track/stand-by-me/5113550,https://open.spotify.com/track/11ZmkdRB1Y1BcslZflC17f,11ZmkdRB1Y1BcslZflC17f
All Night,http://www.spotontrack.com/track/all-night/5435450,https://open.spotify.com/track/0bGeAKGyfuqObuPTkEqzcJ,0bGeAKGyfuqObuPTkEqzcJ
Wild Kidz,http://www.spotontrack.com/track/wild-kidz/2101659,https://open.spotify.com/track/5jDe4xiYfZqWqxH7UFFmYc,5jDe4xiYfZqWqxH7UFFmYc
Don't Stop,http://www.spotontrack.com/track/don-t-stop/5435448,https://open.spotify.com/track/3hLMLEwYnUTrjVm8YBwNrg,3hLMLEwYnUTrjVm8YBwNrg
Know My Love,http://www.spotontrack.com/track/know-my-love/3204649,https://open.spotify.com/track/6XsrEVdg5Sr08cyAOckgup,6XsrEVdg5Sr08cyAOckgup
Queen Elizabeth,http://www.spotontrack.com/track/queen-elizabeth/4231673,https://open.spotify.com/track/2oCidTDCSmypLC0SWDhbKo,2oCidTDCSmypLC0SWDhbKo
Spidey Sensei,http://www.spotontrack.com/track/spidey-sensei/3566060,https://open.spotify.com/track/3HIURbxXPqrmIra6jT03Iq,3HIURbxXPqrmIra6jT03Iq
KABOOM,http://www.spotontrack.com/track/kaboom/5113555,https://open.spotify.com/track/3zPr9AliaY3LrxAlIlSnhS,3zPr9AliaY3LrxAlIlSnhS
Sunrise,http://www.spotontrack.com/track/sunrise/3702558,https://open.spotify.com/track/2lQsQkVilu43cjz7ZLeswm,2lQsQkVilu43cjz7ZLeswm
Make A Wrong Thing Right,http://www.spotontrack.com/track/make-a-wrong-thing-right/1767030,https://open.spotify.com/track/7y0wZWr7zBSkJCLvjD4ats,7y0wZWr7zBSkJCLvjD4ats
Along With The Stars,http://www.spotontrack.com/track/along-with-the-stars/1829519,https://open.spotify.com/track/1kxhJ53HuwEw4T2SLwzjKy,1kxhJ53HuwEw4T2SLwzjKy
Burning,http://www.spotontrack.com/track/burning/2183509,https://open.spotify.com/track/68P6curJxwqo7ockKvSIAa,68P6curJxwqo7ockKvSIAa
Walls - Deeper Shades Mix,http://www.spotontrack.com/track/walls-deeper-shades-mix-edit/3702899,https://open.spotify.com/track/1BUrN6qW5eUvLc0rdSWHcO,1BUrN6qW5eUvLc0rdSWHcO
Cry (Just A Little) - A-Trak and Phantoms Remix Edit,http://www.spotontrack.com/track/cry-just-a-little-a-trak-and-phantoms-remix-edit/3126573,https://open.spotify.com/track/4tkbud1kGeGT6F1O1JcoE7,4tkbud1kGeGT6F1O1JcoE7
Omertà,http://www.spotontrack.com/track/omerta/2168429,https://open.spotify.com/track/1Xm6JRAUYNp9QVNAE7TQgO,1Xm6JRAUYNp9QVNAE7TQgO
F-VR ft. Candice Pillay & No Riddim,http://www.spotontrack.com/track/f-vr/3149199,https://open.spotify.com/track/0pmlYv0wPZTNodjthJKO79,0pmlYv0wPZTNodjthJKO79
I Got To Do,http://www.spotontrack.com/track/i-got-to-do/423357,https://open.spotify.com/track/3gZeSlGiEOvXDxVZzZBiEv,3gZeSlGiEOvXDxVZzZBiEv
Amsterdam (AMF 2016 Anthem),http://www.spotontrack.com/track/amsterdam-amf-2016-anthem/3702900,https://open.spotify.com/track/3yzJxgqXvOQv77bsRe6aLu,3yzJxgqXvOQv77bsRe6aLu
Talking About Love,http://www.spotontrack.com/track/talking-about-love/3702904,https://open.spotify.com/track/4neKCJySnfXAav5gf0Rjqq,4neKCJySnfXAav5gf0Rjqq
Temple - Extended Mix,http://www.spotontrack.com/track/temple-extended-mix/425897,https://open.spotify.com/track/4IdWgxbPQo5Trda4qsPslg,4IdWgxbPQo5Trda4qsPslg
Tomorrow,http://www.spotontrack.com/track/tomorrow/2153014,https://open.spotify.com/track/2DiZEr1bRjyocXejPc8Ss2,2DiZEr1bRjyocXejPc8Ss2
Lock It Up,http://www.spotontrack.com/track/lock-it-up/3137268,https://open.spotify.com/track/1ogUN2xB4qKAs2qPeEJp39,1ogUN2xB4qKAs2qPeEJp39
Me & You (feat. IRO),http://www.spotontrack.com/track/me-you-feat-iro/2038235,https://open.spotify.com/track/2WTCoQLkQ9FPdvThkf8nN1,2WTCoQLkQ9FPdvThkf8nN1
Tell Me Why,http://www.spotontrack.com/track/tell-me-why/2110223,https://open.spotify.com/track/2Th655sHCFWSW8MJ23iGL2,2Th655sHCFWSW8MJ23iGL2
Voices,http://www.spotontrack.com/track/voices/2174103,https://open.spotify.com/track/1uj0PFPU4VSNcCcV6dQxZi,1uj0PFPU4VSNcCcV6dQxZi
Care - Skytech Remix,http://www.spotontrack.com/track/care-skytech-remix/3140342,https://open.spotify.com/track/3DAchfa1t0VJLo2BOkcsTV,3DAchfa1t0VJLo2BOkcsTV
Make A Wrong Thing Right - Dom Dolla Remix Edit,http://www.spotontrack.com/track/make-a-wrong-thing-right-dom-dolla-remix-edit/3137258,https://open.spotify.com/track/4tJT4SFoK6ffBfQmHkoZbW,4tJT4SFoK6ffBfQmHkoZbW
Mayday,http://www.spotontrack.com/track/mayday/3702907,https://open.spotify.com/track/6mHPOiZw6zzY9Fl20A5wUC,6mHPOiZw6zzY9Fl20A5wUC
Campfire,http://www.spotontrack.com/track/campfire/2072750,https://open.spotify.com/track/52jbypWw45qMfwWtsW5v37,52jbypWw45qMfwWtsW5v37
Aftergold,http://www.spotontrack.com/track/aftergold/1817150,https://open.spotify.com/track/09X69JP44yIDYc73xcX0ro,09X69JP44yIDYc73xcX0ro
Sambal,http://www.spotontrack.com/track/sambal/1267051,https://open.spotify.com/track/2rHj3uf6L70JX4sdQZqmj1,2rHj3uf6L70JX4sdQZqmj1
Get Together,http://www.spotontrack.com/track/get-together/2174099,https://open.spotify.com/track/7IaqUFStoMoS6mIC0GEHeZ,7IaqUFStoMoS6mIC0GEHeZ
Daylight - Radio Edit,http://www.spotontrack.com/track/daylight-radio-edit/2906474,https://open.spotify.com/track/2doKJ1UoqJ2uS2j3QeXNoP,2doKJ1UoqJ2uS2j3QeXNoP
Passenger,http://www.spotontrack.com/track/passenger/2174100,https://open.spotify.com/track/6gqbdgCtJjSshwroGguPn4,6gqbdgCtJjSshwroGguPn4
Organic,http://www.spotontrack.com/track/organic/3566066,https://open.spotify.com/track/6FqAQShibjl6A8LCBUf8H4,6FqAQShibjl6A8LCBUf8H4
My Friend,http://www.spotontrack.com/track/my-friend/2020660,https://open.spotify.com/track/3njAZ55V3Z1xPQGRejNS1o,3njAZ55V3Z1xPQGRejNS1o
Up Here,http://www.spotontrack.com/track/up-here/423306,https://open.spotify.com/track/06LAku0F9TtQxKarowLCof,06LAku0F9TtQxKarowLCof
X,http://www.spotontrack.com/track/x/2081907,https://open.spotify.com/track/2kJjD8d6Ygn3jKuuAhI0CI,2kJjD8d6Ygn3jKuuAhI0CI
Between These Lines,http://www.spotontrack.com/track/between-these-lines/5604124,https://open.spotify.com/track/4SjkEdptQ9UGdGW57kMR7n,4SjkEdptQ9UGdGW57kMR7n
One Day Hero - MOGUAI Short Edit,http://www.spotontrack.com/track/one-day-hero-moguai-short-edit/2072747,https://open.spotify.com/track/5tidKRDTcKQoeU6lortM40,5tidKRDTcKQoeU6lortM40
Hold On - Radio Edit,http://www.spotontrack.com/track/hold-on-radio-edit/136477,https://open.spotify.com/track/1JUfgsFPWjXT3ZzzV77v5u,1JUfgsFPWjXT3ZzzV77v5u
Afterparty,http://www.spotontrack.com/track/afterparty/3038477,https://open.spotify.com/track/7wO03uVlYhQFH5Ef76YobK,7wO03uVlYhQFH5Ef76YobK
Calling - Extended,http://www.spotontrack.com/track/calling-extended/1798512,https://open.spotify.com/track/6R98E4dBymDvsXRPZlPk3e,6R98E4dBymDvsXRPZlPk3e
NYC,http://www.spotontrack.com/track/nyc/2129279,https://open.spotify.com/track/3cwqgZliTZTLVhPOyXKqD6,3cwqgZliTZTLVhPOyXKqD6
Alright,http://www.spotontrack.com/track/alright/3038475,https://open.spotify.com/track/5UFaz0P6Ebfe1FbrQSEHU2,5UFaz0P6Ebfe1FbrQSEHU2
Lullaby - CMC$ Remix,http://www.spotontrack.com/track/lullaby-cmc-remix/2020664,https://open.spotify.com/track/45cNadeJEXWSGDSmlpMy71,45cNadeJEXWSGDSmlpMy71
Afraid,http://www.spotontrack.com/track/afraid/2101663,https://open.spotify.com/track/6Y7hmdrYQIA5myFFoCrwQn,6Y7hmdrYQIA5myFFoCrwQn
Paths,http://www.spotontrack.com/track/paths/2149196,https://open.spotify.com/track/766m6wsahPnyTbxjQ63BSz,766m6wsahPnyTbxjQ63BSz
Survive,http://www.spotontrack.com/track/survive/1779634,https://open.spotify.com/track/4SF6dFWZbsFcXUWdsIbvVb,4SF6dFWZbsFcXUWdsIbvVb
Wildfire - Mathieu Koss Remix Edit,http://www.spotontrack.com/track/wildfire-mathieu-koss-remix-edit/2185854,https://open.spotify.com/track/3fQV1rI279HX9B6rHIIHxc,3fQV1rI279HX9B6rHIIHxc
Where Are U Now,http://www.spotontrack.com/track/where-are-u-now/3582823,https://open.spotify.com/track/330W9ItHr4wUgyvC0WKMHF,330W9ItHr4wUgyvC0WKMHF
Never Gonna Give Up,http://www.spotontrack.com/track/never-gonna-give-up/3702908,https://open.spotify.com/track/5zENAxjeU1i9SGV77rhvqf,5zENAxjeU1i9SGV77rhvqf
The Devil's Tears - Sam Feldt Edit,http://www.spotontrack.com/track/the-devil-s-tears-sam-feldt-edit/131690,https://open.spotify.com/track/2nDRtDihYqKsHUbxheXRTR,2nDRtDihYqKsHUbxheXRTR
Don't Wanna Stop,http://www.spotontrack.com/track/don-t-wanna-stop/2149190,https://open.spotify.com/track/1FFBjD9KD1EdoZ3MCpop5P,1FFBjD9KD1EdoZ3MCpop5P
Remãta - Chicco Secci Tribe Mix,http://www.spotontrack.com/track/rema-ta-chicco-secci-tribe-mix/2072745,https://open.spotify.com/track/0CWtjMHW7c6fPKdUiLmpQV,0CWtjMHW7c6fPKdUiLmpQV
Breathin' - Radio Mix,http://www.spotontrack.com/track/breathin-radio-mix/423435,https://open.spotify.com/track/6Z9fRBqFuNfqiPDhbEd6O6,6Z9fRBqFuNfqiPDhbEd6O6
Starlight - Original Mix,http://www.spotontrack.com/track/starlight-original-mix/424357,https://open.spotify.com/track/0kFgx9Ocu4Ta9Pblli3C8E,0kFgx9Ocu4Ta9Pblli3C8E
Love Will Never Do,http://www.spotontrack.com/track/love-will-never-do/2101661,https://open.spotify.com/track/3CjPbZhKvJ8fzMyntkZeLQ,3CjPbZhKvJ8fzMyntkZeLQ
Care,http://www.spotontrack.com/track/care/1120048,https://open.spotify.com/track/6t4tyjxHNIUDBwSc1hlqTL,6t4tyjxHNIUDBwSc1hlqTL
Broken,http://www.spotontrack.com/track/broken/1794288,https://open.spotify.com/track/3Uh1xONLEgBoPVUuG1zRbI,3Uh1xONLEgBoPVUuG1zRbI
Happy,http://www.spotontrack.com/track/happy/915929,https://open.spotify.com/track/10rvU9XyS4DIbGX6HPihWI,10rvU9XyS4DIbGX6HPihWI
Make Me Fall In Love - Benny Benassi Remix Edit,http://www.spotontrack.com/track/make-me-fall-in-love-benny-benassi-remix-edit/1767031,https://open.spotify.com/track/1EyRCHn1eYsmkcir0Dc7iA,1EyRCHn1eYsmkcir0Dc7iA
Back to Basics,http://www.spotontrack.com/track/back-to-basics/253896,https://open.spotify.com/track/61FnUmclppBe1TJWbNRcQB,61FnUmclppBe1TJWbNRcQB
Can't Let Go,http://www.spotontrack.com/track/can-t-let-go/423317,https://open.spotify.com/track/3OTnjiRi94igH69eQqmCo5,3OTnjiRi94igH69eQqmCo5
Thorns,http://www.spotontrack.com/track/thorns/889782,https://open.spotify.com/track/7hFYMYmY2hreduTFOPSURM,7hFYMYmY2hreduTFOPSURM
Need Your Lovin',http://www.spotontrack.com/track/need-your-lovin/291575,https://open.spotify.com/track/6fJgF8ZKbXK6y4v8kqWqCj,6fJgF8ZKbXK6y4v8kqWqCj
Roadkill - EDX Radio Mix,http://www.spotontrack.com/track/roadkill-edx-radio-mix/355767,https://open.spotify.com/track/74DCZkyPij6E5MDF8oTMen,74DCZkyPij6E5MDF8oTMen
Ways,http://www.spotontrack.com/track/ways/1267053,https://open.spotify.com/track/27tkbpBEOa8EGm6gO3wMQs,27tkbpBEOa8EGm6gO3wMQs
Feel The Love - Sam Feldt Edit,http://www.spotontrack.com/track/feel-the-love-sam-feldt-edit/260583,https://open.spotify.com/track/6ESkvrWf0jzOKkLTjIWvyT,6ESkvrWf0jzOKkLTjIWvyT
Sky,http://www.spotontrack.com/track/sky/3566067,https://open.spotify.com/track/0CmnGTWL4dI4XR8PnmBWFR,0CmnGTWL4dI4XR8PnmBWFR
Hymn For The Weekend - Seeb Remix,http://www.spotontrack.com/track/hymn-for-the-weekend-seeb-remix/272633,https://open.spotify.com/track/6s3GEN8wK0OMzzzZbXj0fu,6s3GEN8wK0OMzzzZbXj0fu
Be Free,http://www.spotontrack.com/track/be-free/1795923,https://open.spotify.com/track/0yZDbbugO7uMYVrTYKvEbB,0yZDbbugO7uMYVrTYKvEbB
Un Autre Monde,http://www.spotontrack.com/track/un-autre-monde/429553,https://open.spotify.com/track/6lkdPoxSNdpJ87AgmucsKa,6lkdPoxSNdpJ87AgmucsKa
Easy,http://www.spotontrack.com/track/easy/915928,https://open.spotify.com/track/6ngEKhgyHaMI7nkUpxskjm,6ngEKhgyHaMI7nkUpxskjm
Stable,http://www.spotontrack.com/track/stable/2036724,https://open.spotify.com/track/3C7R30QN7KkAaqJdz41BqU,3C7R30QN7KkAaqJdz41BqU
Drinkee,http://www.spotontrack.com/track/drinkee/250789,https://open.spotify.com/track/5TBsLU9TSxjDLzMpsEgJsv,5TBsLU9TSxjDLzMpsEgJsv
Feel The Music,http://www.spotontrack.com/track/feel-the-music/963492,https://open.spotify.com/track/1q5o8dzFW78oqMHVX4FSZT,1q5o8dzFW78oqMHVX4FSZT
Money Maker - Disco Demolition Remix,http://www.spotontrack.com/track/money-maker-disco-demolition-remix/4861483,https://open.spotify.com/track/2iIyFv1PLPfxm02WZLNJkC,2iIyFv1PLPfxm02WZLNJkC
Slippin',http://www.spotontrack.com/track/slippin/250062,https://open.spotify.com/track/3KmQJPg1M9nyVMPHulSuok,3KmQJPg1M9nyVMPHulSuok
We've Got The Love,http://www.spotontrack.com/track/we-ve-got-the-love/2038434,https://open.spotify.com/track/0FzjPFPhLQiIuL2wvdnz89,0FzjPFPhLQiIuL2wvdnz89
Escape,http://www.spotontrack.com/track/escape/1638200,https://open.spotify.com/track/30fLhYhsw7rZkVIn8m9nHv,30fLhYhsw7rZkVIn8m9nHv
Ein Tag Am Strand - Instrumental,http://www.spotontrack.com/track/ein-tag-am-strand-instrumental/801366,https://open.spotify.com/track/25iCUuL46FCiwqgzCs0mGB,25iCUuL46FCiwqgzCs0mGB
Missing - Nytron Remix Edit,http://www.spotontrack.com/track/missing-nytron-remix-edit/423328,https://open.spotify.com/track/3HFTL04N13egwSza8HQT4r,3HFTL04N13egwSza8HQT4r
To California,http://www.spotontrack.com/track/to-california/283316,https://open.spotify.com/track/61QRRv0qBswOpk5mQXlzu4,61QRRv0qBswOpk5mQXlzu4
Feel The Love - Sam Feldt Edit,http://www.spotontrack.com/track/feel-the-love-sam-feldt-edit/260583,https://open.spotify.com/track/6ESkvrWf0jzOKkLTjIWvyT,6ESkvrWf0jzOKkLTjIWvyT
Lose Control,http://www.spotontrack.com/track/lose-control/1767032,https://open.spotify.com/track/4PCJwmdPgdjCLbnKfvBMwm,4PCJwmdPgdjCLbnKfvBMwm
Bring Me Down (ft. Bright Sparks),http://www.spotontrack.com/track/bring-me-down-ft-bright-sparks/270363,https://open.spotify.com/track/1VPRoO8oPV8dIW47js8EA0,1VPRoO8oPV8dIW47js8EA0
Without You,http://www.spotontrack.com/track/without-you/422012,https://open.spotify.com/track/2XbTYY2L0WjSlrSkVv3dyS,2XbTYY2L0WjSlrSkVv3dyS
Venus,http://www.spotontrack.com/track/venus/270520,https://open.spotify.com/track/4OBImXNxiLhDBhJOejjL6P,4OBImXNxiLhDBhJOejjL6P
NUNGWI,http://www.spotontrack.com/track/nungwi/282391,https://open.spotify.com/track/4hMdVt2j6y43bS7rC2dEBr,4hMdVt2j6y43bS7rC2dEBr
Steps,http://www.spotontrack.com/track/steps/244335,https://open.spotify.com/track/0YeHVyfxWIPxMGnMrAlmgF,0YeHVyfxWIPxMGnMrAlmgF
Is This Love - Remix,http://www.spotontrack.com/track/is-this-love/292125,https://open.spotify.com/track/1w5sLDYzYAGI0AkLc6FPlO,1w5sLDYzYAGI0AkLc6FPlO
Disappear,http://www.spotontrack.com/track/disappear/414789,https://open.spotify.com/track/0sngiVJyKV4dysUNCmkTi9,0sngiVJyKV4dysUNCmkTi9
Lord,http://www.spotontrack.com/track/lord/423313,https://open.spotify.com/track/0SRvfuKolYRrgPfD2zGmgq,0SRvfuKolYRrgPfD2zGmgq
Celebrate Life - Marten Fisher Vocal,http://www.spotontrack.com/track/celebrate-life-marten-fisher-vocal/423374,https://open.spotify.com/track/3NgZ1n3T28ONmginFMbmDB,3NgZ1n3T28ONmginFMbmDB
Time Will Tell (feat. Samuel Jacob),http://www.spotontrack.com/track/time-will-tell-feat-samuel-jacob/279549,https://open.spotify.com/track/5k0AHuRDftdWG4uCLtfjzU,5k0AHuRDftdWG4uCLtfjzU
Summer on You,http://www.spotontrack.com/track/summer-on-you/293477,https://open.spotify.com/track/7Ct0Q46k5PkXzYiNE5D2dn,7Ct0Q46k5PkXzYiNE5D2dn
Paralyzed,http://www.spotontrack.com/track/paralyzed/429557,https://open.spotify.com/track/6oRAgdujDE0ZWBqCJQpIFl,6oRAgdujDE0ZWBqCJQpIFl
Like This! - Sharam Jey Short Edit,http://www.spotontrack.com/track/like-this-sharam-jey-short-edit/423320,https://open.spotify.com/track/1yk8Gl9xZvAOKORCUEsVRA,1yk8Gl9xZvAOKORCUEsVRA
Down,http://www.spotontrack.com/track/down/270523,https://open.spotify.com/track/7JJ3Z1og5Vx0oeeGafRMnX,7JJ3Z1og5Vx0oeeGafRMnX
Stars,http://www.spotontrack.com/track/stars/256467,https://open.spotify.com/track/5QmxGMizU7LjXZrp1b7iyl,5QmxGMizU7LjXZrp1b7iyl
Now Is The Time - Marten Fisher Remix,http://www.spotontrack.com/track/now-is-the-time-marten-fisher-remix/282260,https://open.spotify.com/track/6fdeqPmnFoXbgJneLA0JHF,6fdeqPmnFoXbgJneLA0JHF
Takes My Body Higher (feat. Lincoln Jesser),http://www.spotontrack.com/track/takes-my-body-higher-feat-lincoln-jesser/423319,https://open.spotify.com/track/5LnslfFSyDEkBDIfK2s4m5,5LnslfFSyDEkBDIfK2s4m5
SHY,http://www.spotontrack.com/track/shy-feat-brayton-bowman/263476,https://open.spotify.com/track/3bqzUDyN8wTCmdyzg6OlF3,3bqzUDyN8wTCmdyzg6OlF3
Delano,http://www.spotontrack.com/track/delano/423326,https://open.spotify.com/track/3vCi360QrHO3EpPHs0lJQE,3vCi360QrHO3EpPHs0lJQE
Can't Get Enough,http://www.spotontrack.com/track/can-t-get-enough/423314,https://open.spotify.com/track/3ly5CY8uMDgfl6PTSfvzHK,3ly5CY8uMDgfl6PTSfvzHK
Do You Remember? (Arithmatix! Mix),http://www.spotontrack.com/track/do-you-remember-arithmatix-mix/341917,https://open.spotify.com/track/56RuBsHcfuUE0mMCks7BP6,56RuBsHcfuUE0mMCks7BP6
Easy Street,http://www.spotontrack.com/track/easy-street/292925,https://open.spotify.com/track/3cs4IcRfIUAj44Oke80Xvr,3cs4IcRfIUAj44Oke80Xvr
Feelings - Original Mix,http://www.spotontrack.com/track/feelings-original-mix/423543,https://open.spotify.com/track/7aCg8SuEbx5td3ZgKtJIeA,7aCg8SuEbx5td3ZgKtJIeA
Silence ft. Dave Thomas Junior,http://www.spotontrack.com/track/silence-ft-dave-thomas-jr/245858,https://open.spotify.com/track/3yIQcwR3yRfYsnXotEJeJ1,3yIQcwR3yRfYsnXotEJeJ1
Dreamin',http://www.spotontrack.com/track/dreamin/414798,https://open.spotify.com/track/7l6jtLKB8yOGSwvTt3uTBe,7l6jtLKB8yOGSwvTt3uTBe
Speeches,http://www.spotontrack.com/track/speeches/119140,https://open.spotify.com/track/7oDlJL4QJt12t2h3IxuCLd,7oDlJL4QJt12t2h3IxuCLd
I Need To Know,http://www.spotontrack.com/track/i-need-to-know/253999,https://open.spotify.com/track/4vGGuOJDdJph4n5jEXuhqG,4vGGuOJDdJph4n5jEXuhqG
Only 1,http://www.spotontrack.com/track/only-1/423361,https://open.spotify.com/track/2Wl37W8UTUHU9wYfQ0HsF6,2Wl37W8UTUHU9wYfQ0HsF6
"Hello, Hello",http://www.spotontrack.com/track/hello-hello/277081,https://open.spotify.com/track/5n2L1tpDwyYKQmB555rHzN,5n2L1tpDwyYKQmB555rHzN
Sunday,http://www.spotontrack.com/track/sunday/269123,https://open.spotify.com/track/06BBJ7akpQD72jIVfzYAmA,06BBJ7akpQD72jIVfzYAmA
Brothers,http://www.spotontrack.com/track/brothers/259091,https://open.spotify.com/track/36uC7gkjiDqZr24XvSFKfC,36uC7gkjiDqZr24XvSFKfC
Children,http://www.spotontrack.com/track/children/251973,https://open.spotify.com/track/3GxahxpkNJD6o2zyV9uPE1,3GxahxpkNJD6o2zyV9uPE1
Seeing Double,http://www.spotontrack.com/track/seeing-double/261157,https://open.spotify.com/track/4pJghRX2p4OSPsevxprD0M,4pJghRX2p4OSPsevxprD0M
Shadows of Love feat. Heidi Rojas,http://www.spotontrack.com/track/shadows-of-love-feat-heidi-rojas/240242,https://open.spotify.com/track/6c7iKGcv4eheZKz227uhpn,6c7iKGcv4eheZKz227uhpn
Sundream,http://www.spotontrack.com/track/sundream/423674,https://open.spotify.com/track/75W0TN4J1hdZInd8RuLxXN,75W0TN4J1hdZInd8RuLxXN
In My Head - Dub Mix,http://www.spotontrack.com/track/in-my-head-dub-mix/423379,https://open.spotify.com/track/38LB25wxneI2k0UhUvt1gH,38LB25wxneI2k0UhUvt1gH
Faded,http://www.spotontrack.com/track/faded/47922,https://open.spotify.com/track/2GQEM9JuHu30sGFvRYeCxz,2GQEM9JuHu30sGFvRYeCxz
Higher,http://www.spotontrack.com/track/higher/423342,https://open.spotify.com/track/11Us2ihc8yrJlSsJ1mj7ql,11Us2ihc8yrJlSsJ1mj7ql
Falling For You,http://www.spotontrack.com/track/falling-for-you/423358,https://open.spotify.com/track/1okCzFBTK5scoaZFaXSM8c,1okCzFBTK5scoaZFaXSM8c
Daylight,http://www.spotontrack.com/track/daylight/423337,https://open.spotify.com/track/4KIRwu4D5550q8qN3uflMD,4KIRwu4D5550q8qN3uflMD
Winterbreak,http://www.spotontrack.com/track/winterbreak/39062,https://open.spotify.com/track/7EsTdhH4PD6MugpLXJGZLW,7EsTdhH4PD6MugpLXJGZLW
Ringo - Original,http://www.spotontrack.com/track/ringo-original/45219,https://open.spotify.com/track/0MLZgxAe28WhMLIepQ48f9,0MLZgxAe28WhMLIepQ48f9
Permission to Love,http://www.spotontrack.com/track/permission-to-love/62436,https://open.spotify.com/track/0agehDrq7ZHos1Di3Gv4Co,0agehDrq7ZHos1Di3Gv4Co
Sweet Love (Calling Out Your Name),http://www.spotontrack.com/track/sweet-love-calling-out-your-name/423336,https://open.spotify.com/track/0PwjpOfFAAKyxuQAHyfLM7,0PwjpOfFAAKyxuQAHyfLM7
Saltwater - 2015 Radio Rework,http://www.spotontrack.com/track/saltwater-2015-radio-rework/185414,https://open.spotify.com/track/2EMzMzKNNidJhIJgOQBkos,2EMzMzKNNidJhIJgOQBkos
Something Good,http://www.spotontrack.com/track/something-good/238340,https://open.spotify.com/track/4S9VoPxYhaYpRDbsycXNi7,4S9VoPxYhaYpRDbsycXNi7
I'll Take You,http://www.spotontrack.com/track/i-ll-take-you/52931,https://open.spotify.com/track/3SQohmQQr9xi63xKsrQRK1,3SQohmQQr9xi63xKsrQRK1
Morning Dew - Radio Mix,http://www.spotontrack.com/track/morning-dew-radio-mix/31101,https://open.spotify.com/track/6lPhnamoOdxOg7jQ3gSWOa,6lPhnamoOdxOg7jQ3gSWOa
Home,http://www.spotontrack.com/track/home/148633,https://open.spotify.com/track/5xgVwIFfrm3yhLByAKzeYs,5xgVwIFfrm3yhLByAKzeYs
Middle,http://www.spotontrack.com/track/middle/146894,https://open.spotify.com/track/2bKhIGdMdcqCqQ2ZhSv5nE,2bKhIGdMdcqCqQ2ZhSv5nE
LA LA LAND,http://www.spotontrack.com/track/la-la-land/414790,https://open.spotify.com/track/0lQhmX2ndXzm4cpMGMYMqT,0lQhmX2ndXzm4cpMGMYMqT
Capsize - Stint Remix,http://www.spotontrack.com/track/capsize-stint-remix/5113789,https://open.spotify.com/track/05iXELwY3eDBBzXJvY2VAj,05iXELwY3eDBBzXJvY2VAj
Keep On,http://www.spotontrack.com/track/keep-on/246107,https://open.spotify.com/track/3UlqSc1S6M0hF9A1WeeZGQ,3UlqSc1S6M0hF9A1WeeZGQ
Marathon,http://www.spotontrack.com/track/marathon/238339,https://open.spotify.com/track/3a1oOzpXDb8k36NvADS7NU,3a1oOzpXDb8k36NvADS7NU
Sex,http://www.spotontrack.com/track/sex/65504,https://open.spotify.com/track/4tRLfSHpbjlIjV97RPWr9Y,4tRLfSHpbjlIjV97RPWr9Y
Bodhyanga,http://www.spotontrack.com/track/bodhyanga/1039661,https://open.spotify.com/track/30pV22GNuSVFgqyL8TjTvG,30pV22GNuSVFgqyL8TjTvG
